Shipping Mode,On_Time,On_Time_Percentage
First Class,0.04677500539296757,4.677500539296757
Same Day,0.5425695799527576,54.256957995275755
Second Class,0.23367219445706497,23.367219445706496
Standard Class,0.6192831687578885,61.928316875788845
